_title_,_date_,_description_,_link_
TITLE_A,0000,DESCRIPTION_A,LINK_A
TITLE_B,1111,DESCRIPTION_B,LINK_B
TITLE_C,2222,DESCRIPTION_C,LINK_C
TITLE_D,3333,DESCRIPTION_D,LINK_D
TITLE_E,4444,DESCRIPTION_E,LINK_E
TITLE_F,5555,DESCRIPTION_F,LINK_F
TITLE_G,6666,DESCRIPTION_G,LINK_G
TITLE_H,7777,DESCRIPTION_H,LINK_H
TITLE_I,8888,DESCRIPTION_I,LINK_I
TITLE_J,9999,DESCRIPTION_J,LINK_J
TITLE_K,0000,DESCRIPTION_K,LINK_K
TITLE_L,1111,DESCRIPTION_L,LINK_L
TITLE_M,2222,DESCRIPTION_M,LINK_M
TITLE_N,3333,DESCRIPTION_N,LINK_N
TITLE_O,4444,DESCRIPTION_O,LINK_O
TITLE_P,5555,DESCRIPTION_P,LINK_P
TITLE_Q,6666,DESCRIPTION_Q,LINK_Q
TITLE_R,7777,DESCRIPTION_R,LINK_R
TITLE_S,8888,DESCRIPTION_S,LINK_S
TITLE_T,9999,DESCRIPTION_T,LINK_T
TITLE_U,0000,DESCRIPTION_U,LINK_U
TITLE_V,1111,DESCRIPTION_V,LINK_V
TITLE_W,2222,DESCRIPTION_W,LINK_W
TITLE_X,3333,DESCRIPTION_X,LINK_X
TITLE_Y,4444,DESCRIPTION_Y,LINK_Y
TITLE_Z,5555,DESCRIPTION_Z,LINK_Z